Position,Variants
4,CG
5,AC
6,AC
9,ACG
10,ACG
11,ACG
12,AGT
13,CG
14,ACGT
15,ACGT
16,CGT
17,CGT
18,ACG
19,ACT
20,AC
21,ACG
23,AGT
24,CG
25,ACT
26,ACG
27,AC
28,AG
29,AGT
31,CG
32,AC
34,AG
35,GT
36,ACG
37,ACG
38,AC
40,AT
41,AG
42,ACT
43,CGT
44,ACT
45,AT
46,ACGT
47,CT
48,AC
49,CT
50,ACT
51,ACT
52,AT
53,CG
54,ACT
55,CGT
57,AC
58,ACT
59,GT
60,AGT
61,ACGT
62,ACGT
63,ACT
64,ACGT
65,GT
66,AC
67,ACGT
68,AGT
69,ACGT
70,CGT
71,ACT
72,ACGT
73,ACGT
74,ACGT
75,ACG
76,AGT
77,ACGT
81,AGT
82,ACG
83,ACG
84,AG
85,CGT
86,CGT
87,CT
88,AT
89,GT
90,ACG
91,AGT
92,AGT
93,AGT
94,CGT
95,AT
96,ACGT
97,ACT
98,ACT
99,ACGT
100,CGT
101,ACT
102,ACGT
103,ACG
104,ACT
105,ACGT
106,CGT
107,CG
108,ACG
109,CGT
110,GT
111,AC
113,AG
114,ACGT
115,AGT
116,ACGT
117,AT
118,AT
119,ACGT
120,ACGT
121,ACGT
122,ACGT
123,ACT
124,ACGT
125,ACGT
126,ACT
127,CGT
128,ACGT
129,ACGT
130,ACGT
131,ACGT
132,ACGT
133,ACG
134,ACGT
135,CGT
136,ACGT
137,ACG
138,ACGT
139,AGT
140,ACGT
141,ACGT
142,CGT
143,ACGT
144,ACGT
145,ACG
146,ACGT
147,ACGT
148,ACGT
149,ACGT
150,ACGT
151,CGT
152,ACGT
153,ACGT
154,ACGT
155,ACGT
156,ACGT
157,ACGT
158,ACGT
159,ACGT
160,ACGT
161,ACGT
162,ACGT
163,ACGT
164,ACGT
165,ACGT
166,GT
167,ACGT
168,ACG
169,AT
170,GT
171,AC
172,ACGT
173,AGT
174,ACGT
175,ACT
176,ACGT
177,ACGT
178,ACGT
179,ACGT
180,ACG
181,ACGT
182,ACGT
183,ACGT
184,ACGT
185,ACGT
186,AG
187,ACGT
188,ACGT
189,ACGT
190,ACGT
191,ACGT
192,ACGT
193,ACGT
194,ACGT
195,ACGT
196,ACGT
197,ACGT
198,ACGT
199,AGT
200,ACGT
201,ACT
202,ACGT
203,ACGT
204,ACGT
205,ACGT
206,AGT
207,ACGT
208,ACT
209,ACGT
210,ACGT
211,AC
212,AGT
213,ACGT
214,ACGT
215,ACGT
216,ACGT
217,ACGT
218,GT
219,ACT
220,ACG
221,ACGT
222,ACGT
223,ACGT
224,CGT
225,ACGT
226,ACGT
227,ACGT
228,ACGT
229,AGT
230,ACGT
231,ACGT
232,ACGT
233,ACGT
234,ACGT
235,ACGT
236,ACGT
237,ACGT
238,ACGT
239,ACGT
240,ACG
241,ACGT
242,ACGT
243,ACGT
244,ACGT
245,ACGT
246,ACGT
247,ACGT
248,ACGT
249,ACGT
250,CGT
251,AG
252,ACGT
253,ACGT
254,ACGT
255,ACT
256,ACGT
257,ACGT
258,ACGT
259,ACGT
260,ACGT
261,ACGT
262,ACGT
263,ACGT
264,CGT
265,ACGT
266,ACT
267,AG
268,CGT
269,ACGT
270,ACG
271,ACGT
272,ACGT
273,ACGT
274,ACGT
275,ACGT
276,ACGT
277,AGT
278,ACGT
279,AGT
280,ACGT
281,ACGT
282,ACGT
283,ACGT
284,CGT
285,ACGT
286,ACGT
287,ACGT
288,CGT
289,CGT
297,AGT
298,ACGT
299,ACGT
300,CGT
301,AGT
302,ACGT
303,ACGT
304,ACGT
305,ACGT
306,ACGT
307,ACGT
308,ACGT
309,ACGT
310,ACGT
311,ACGT
312,ACGT
313,ACGT
314,ACGT
315,ACGT
316,ACGT
317,AT
318,ACG
319,ACT
320,CGT
321,AC
322,CGT
323,AG
324,AG
326,AGT
327,GT
328,CGT
329,ACG
330,CT
331,AC
332,AGT
333,CG
334,GT
335,ACG
336,ACGT
337,CGT
338,CGT
339,ACGT
340,ACGT
341,ACGT
342,CGT
344,ACT
345,ACT
346,ACGT
347,ACGT
348,ACGT
349,CGT
350,ACGT
355,ACGT
356,ACGT
357,ACGT
358,ACGT
359,ACGT
360,ACGT
361,ACGT
362,CGT
363,ACG
364,AG
365,AC
366,AG
368,CGT
370,AG
371,CT
372,CGT
373,ACT
374,GT
375,ACT
376,ACGT
377,ACGT
378,AGT
379,ACT
382,CG
383,ACG
384,ACG
385,CG
386,AGT
387,AG
388,GT
390,ACG
391,CGT
392,AG
393,CT
394,ACGT
395,ACGT
396,ACGT
397,ACGT
398,ACGT
399,ACG
400,AT
402,CT
404,CG
406,ACGT
407,ACGT
408,ACGT
409,ACGT
410,AGT
411,ACGT
412,ACGT
413,AGT
414,ACG
415,AGT
416,ACGT
417,AGT
418,ACGT
419,ACGT
420,ACGT
421,ACGT
422,ACGT
423,ACGT
424,ACGT
425,ACGT
426,AG
427,ACG
428,AG
429,CT
430,ACGT
431,AG
432,ACT
433,ACGT
434,AGT
435,ACGT
436,ACGT
437,ACGT
438,ACGT
439,CGT
440,ACG
441,AT
442,ACGT
443,ACGT
444,ACGT
445,ACGT
446,ACGT
447,ACGT
448,ACGT
449,AGT
450,ACGT
451,ACGT
452,AGT
453,ACG
454,ACGT
455,ACGT
456,ACG
457,ACG
458,ACGT
459,ACGT
460,ACG
461,ACGT
462,ACG
463,ACT
464,CGT
465,CG
466,CGT
467,AGT
468,ACGT
469,ACG
470,ACG
471,CGT
472,AC
473,AGT
474,ACGT
475,ACGT
476,ACGT
477,ACGT
478,ACGT
479,ACGT
480,AT
481,ACG
482,ACGT
483,ACG
484,ACGT
485,ACT
486,AT
487,ACGT
488,ACGT
489,ACGT
490,ACT
491,CGT
492,ACGT
493,ACGT
494,ACGT
495,ACGT
496,AGT
497,CGT
498,ACGT
499,ACGT
500,ACGT
501,ACGT
502,ACGT
503,ACGT
504,ACGT
505,ACGT
507,ACGT
508,ACGT
509,ACGT
510,ACGT
511,ACGT
512,ACGT
513,ACGT
514,ACG
515,ACGT
516,ACGT
517,ACGT
518,ACGT
519,ACG
520,ACGT
521,ACGT
522,ACGT
523,ACGT
524,ACGT
525,ACGT
526,ACGT
527,ACGT
528,ACGT
529,ACGT
530,ACGT
531,ACGT
532,ACT
533,ACGT
534,ACGT
535,ACGT
536,ACGT
537,ACGT
538,ACGT
539,AG
540,ACG
541,CT
542,CT
543,AT
544,ACGT
545,ACGT
546,ACT
547,ACGT
548,ACT
549,ACGT
550,AGT
551,ACGT
552,ACGT
553,ACGT
554,ACGT
555,ACGT
556,CT
557,ACGT
558,ACGT
559,ACGT
560,ACT
561,ACGT
562,ACGT
563,ACGT
564,ACG
565,ACGT
566,ACT
567,ACGT
568,ACGT
569,ACGT
570,CGT
571,AG
572,AT
573,CGT
574,ACGT
575,AG
576,ACGT
578,ACG
579,ACGT
580,ACGT
581,ACGT
582,CGT
583,ACGT
584,ACGT
585,AGT
586,ACGT
587,ACGT
588,ACGT
589,ACGT
590,ACG
591,ACGT
592,ACGT
593,ACGT
594,ACGT
595,GT
596,ACG
598,AT
599,ACGT
600,ACGT
601,ACGT
602,ACGT
603,ACGT
604,ACGT
605,ACGT
606,ACGT
607,ACGT
608,GT
609,ACGT
610,ACG
611,ACGT
612,ACGT
613,ACGT
614,ACGT
615,ACGT
616,AGT
617,ACGT
618,ACGT
619,AGT
620,ACGT
621,CGT
622,ACGT
623,ACT
624,ACGT
625,ACGT
626,ACGT
627,ACGT
628,AC
629,ACGT
630,ACGT
631,ACGT
632,ACGT
633,ACGT
634,AG
635,ACGT
636,ACT
637,ACGT
638,ACGT
639,ACGT
640,ACGT
641,ACGT
642,ACGT
643,ACGT
644,ACGT
647,AGT
648,ACT
649,CGT
650,ACGT
651,ACGT
652,ACGT
653,ACGT
654,ACGT
655,ACGT
656,ACGT
657,ACGT
658,ACGT
659,ACGT
660,ACGT
661,CGT
662,ACGT
663,ACGT
664,ACGT
665,ACGT
666,ACGT
667,ACGT
669,ACGT
670,ACGT
671,ACGT
672,ACGT
673,ACGT
674,ACGT
675,ACGT
676,ACGT
677,ACGT
678,ACGT
679,ACGT
680,ACGT
681,ACGT
682,ACGT
683,ACGT
684,ACGT
685,ACGT
686,ACGT
687,ACGT
688,ACGT
689,ACGT
690,ACGT
691,ACGT
692,ACGT
693,ACGT
694,ACGT
695,ACGT
696,ACGT
697,ACGT
698,ACGT
699,ACGT
700,ACG
701,ACGT
702,ACGT
703,ACGT
704,ACGT
705,ACGT
706,ACGT
707,ACGT
708,ACG
709,ACT
710,ACGT
711,ACGT
712,ACGT
713,ACGT
714,ACGT
715,ACGT
716,CGT
717,ACGT
718,ACGT
719,ACGT
720,ACG
721,ACGT
722,ACGT
723,ACGT
724,ACGT
725,ACGT
726,ACGT
727,ACGT
728,ACGT
729,ACGT
730,ACGT
731,ACGT
732,ACGT
733,ACGT
734,ACGT
735,ACGT
736,ACGT
737,ACGT
738,ACGT
739,ACGT
740,ACGT
741,ACGT
742,CGT
743,ACGT
744,ACGT
745,ACGT
746,ACT
747,ACGT
748,ACGT
749,ACGT
750,ACGT
751,ACT
752,ACT
753,ACG
754,ACGT
755,ACT
756,ACG
757,ACG
758,ACGT
759,ACGT
760,ACGT
761,ACGT
762,ACGT
763,ACGT
764,ACGT
765,ACGT
766,ACGT
767,AGT
768,ACGT
769,ACT
770,ACGT
771,ACGT
772,ACGT
773,ACGT
774,ACGT
775,ACGT
776,ACGT
777,ACGT
778,ACGT
779,ACGT
780,ACGT
781,ACGT
782,ACGT
783,GT
784,ACGT
785,ACGT
786,ACGT
787,ACGT
788,ACGT
789,ACGT
790,ACGT
791,ACGT
792,ACGT
793,ACGT
794,ACGT
795,ACGT
796,ACGT
797,ACGT
798,ACGT
799,AG
800,ACT
801,CG
802,ACGT
803,AGT
804,GT
805,AC
806,ACGT
807,ACGT
808,ACGT
809,ACGT
810,ACGT
811,ACGT
812,ACGT
813,ACGT
814,ACGT
815,ACG
816,ACG
817,ACGT
818,ACGT
819,ACGT
820,ACG
821,ACGT
822,ACT
823,ACGT
824,ACGT
825,ACGT
826,ACGT
827,ACGT
828,ACGT
829,ACGT
830,ACGT
831,ACGT
832,ACGT
833,ACGT
834,ACG
835,ACGT
836,ACGT
837,ACGT
838,ACGT
839,ACGT
840,AGT
841,ACGT
842,ACGT
843,ACGT
844,ACGT
845,ACGT
846,ACGT
847,ACGT
848,ACGT
849,ACGT
850,ACGT
851,ACGT
852,ACGT
853,ACGT
854,ACG
855,ACGT
856,ACT
857,ACGT
858,ACGT
859,AGT
860,AGT
861,ACGT
862,ACGT
864,ACGT
865,ACGT
866,ACGT
867,ACGT
868,ACGT
869,ACGT
870,ACGT
871,ACGT
872,ACGT
873,ACGT
874,ACGT
875,ACGT
876,ACGT
877,ACGT
878,ACGT
879,ACGT
880,ACGT
881,ACGT
882,ACGT
883,ACGT
884,ACGT
885,ACGT
886,AGT
887,CGT
888,ACT
889,AT
890,AT
891,AC
892,ACT
893,ACGT
894,ACG
895,AGT
896,GT
897,ACGT
898,ACGT
899,ACGT
900,ACGT
901,AG
902,GT
903,CT
904,CT
905,CT
906,CG
911,ACGT
912,ACGT
913,CGT
914,ACGT
915,ACGT
916,ACGT
917,ACGT
918,ACGT
919,ACGT
920,ACGT
921,ACGT
922,ACG
923,ACGT
924,ACGT
925,CGT
926,ACGT
927,ACGT
928,ACG
929,AT
938,ACGT
939,GT
940,ACGT
941,CGT
942,AGT
943,AG
944,AGT
945,ACGT
946,ACGT
947,ACGT
948,ACGT
949,ACT
950,ACGT
951,ACGT
952,ACT
953,ACGT
954,ACGT
955,ACG
956,ACGT
957,ACGT
958,ACGT
959,ACGT
960,ACGT
961,ACG
962,ACGT
963,ACGT
964,ACGT
965,ACGT
966,AGT
967,ACGT
968,ACGT
969,ACGT
970,ACGT
971,ACGT
972,ACGT
973,ACGT
974,ACGT
975,ACGT
976,ACGT
977,ACGT
978,ACGT
979,ACGT
980,ACGT
981,CGT
982,ACGT
983,ACGT
984,ACGT
985,ACGT
986,ACGT
987,AGT
988,ACT
989,ACT
990,ACGT
991,CGT
992,ACGT
993,CT
994,AGT
995,CGT
996,CGT
997,ACG
998,ACGT
999,ACGT
1000,ACGT
1001,ACGT
1002,ACGT
1003,ACG
1004,ACGT
1005,ACGT
1006,ACGT
1007,ACGT
1008,ACG
1009,ACGT
1010,CT
1011,ACGT
1012,AG
1013,ACGT
1014,ACT
1015,CGT
1016,AG
1017,ACGT
1018,ACGT
1019,ACG
1020,ACGT
1021,AGT
1022,CGT
1023,GT
1024,ACGT
1025,ACGT
1028,ACT
1029,AGT
1030,ACT
1031,ACGT
1032,ACG
1033,ACGT
1034,AC
1035,ACGT
1036,ACGT
1037,ACG
1038,ACGT
1039,ACGT
1040,ACGT
1041,CG
1042,ACGT
1043,ACGT
1044,ACGT
1045,ACGT
1046,ACGT
1047,ACGT
1048,ACGT
1049,ACGT
1050,ACGT
1051,ACGT
1052,ACGT
1053,ACGT
1054,ACGT
1055,ACGT
1056,ACGT
1057,AG
1058,ACGT
1059,ACGT
1060,ACGT
1061,AGT
1062,ACGT
1063,ACGT
1064,ACGT
1065,ACGT
1066,ACGT
1067,AGT
1068,ACT
1069,ACGT
1070,ACGT
1071,ACGT
1072,ACGT
1073,ACG
1074,ACGT
1075,ACGT
1076,ACG
1077,ACGT
1078,AC
1081,AG
1084,AGT
1085,AT
1086,AT
1087,CG
1088,AC
1089,AGT
1090,AGT
1091,CGT
1092,AGT
1093,ACGT
1094,ACGT
1095,ACGT
1096,ACGT
1097,ACGT
1098,ACGT
1099,ACG
1100,AGT
1101,ACGT
1102,ACGT
1103,ACGT
1104,ACGT
1105,ACGT
1106,ACGT
1107,ACGT
1108,ACGT
1109,ACG
1110,ACGT
1111,ACGT
1112,ACGT
1113,ACGT
1114,ACGT
1115,AGT
1116,ACGT
1117,ACGT
1118,ACGT
1119,ACGT
1120,ACGT
1121,AC
1122,ACGT
1123,ACGT
1124,ACG
1125,ACGT
1126,ACG
1127,ACGT
1128,ACGT
1129,ACGT
1130,ACGT
1131,ACG
1132,ACGT
1133,ACGT
1134,CGT
1135,CGT
1136,ACG
1137,AC
1138,ACGT
1139,ACGT
1140,ACGT
1141,ACGT
1142,CGT
1143,ACGT
1144,ACGT
1145,ACGT
1146,ACGT
1147,ACGT
1148,ACGT
1149,ACGT
1150,ACG
1151,ACGT
1152,ACG
1153,ACGT
1154,ACGT
1155,ACT
1156,ACGT
1157,ACGT
1158,ACGT
1159,ACGT
1160,ACGT
1161,ACGT
1162,ACGT
1163,ACGT
1164,ACGT
1165,ACGT
1166,ACGT
1167,ACG
1168,CGT
1169,ACGT
1170,ACGT
1171,ACGT
1172,ACGT
1173,ACGT
1174,ACGT
1175,ACT
1176,ACGT
1177,ACGT
1178,ACGT
1179,ACGT
1180,AGT
1181,ACGT
1182,AGT
1183,ACGT
1184,ACGT
1185,ACG
1186,ACGT
1187,ACGT
1188,ACGT
1189,ACGT
1190,ACGT
1191,ACGT
1192,ACGT
1193,CGT
1194,ACGT
1195,ACGT
1196,ACGT
1197,ACGT
1198,ACGT
1199,ACGT
1200,ACGT
1201,ACGT
1202,ACGT
1203,ACGT
1204,ACGT
1205,AGT
1206,ACGT
1207,ACGT
1208,ACT
1209,ACGT
1210,CG
1211,AGT
1212,ACGT
1213,CGT
1214,ACGT
1215,ACGT
1216,ACGT
1217,ACGT
1218,ACGT
1219,ACGT
1220,ACGT
1221,ACGT
1222,AGT
1223,ACGT
1224,ACT
1225,ACGT
1226,ACGT
1227,ACGT
1228,ACGT
1229,ACGT
1230,CGT
1231,ACGT
1232,ACGT
1233,ACGT
1234,ACGT
1235,AGT
1236,ACGT
1237,ACT
1238,ACGT
1239,ACG
1240,ACT
1241,ACGT
1242,AT
1243,CT
1244,CGT
1245,CT
1246,ACGT
1247,ACGT
1248,AGT
1249,CGT
1250,AGT
1251,ACGT
1252,ACGT
1253,ACGT
1254,ACGT
1255,ACGT
1256,ACGT
1257,ACGT
1258,ACGT
1259,ACGT
1260,ACGT
1261,ACGT
1262,ACGT
1263,ACGT
1264,ACGT
1265,AG
1266,ACGT
1267,ACGT
1268,ACGT
1269,ACGT
1270,ACGT
1271,ACGT
1272,ACGT
1273,ACGT
1274,ACGT
1275,ACGT
1276,ACGT
1277,ACGT
1278,ACGT
1279,ACGT
1280,ACGT
1281,ACGT
1282,ACG
1283,AGT
1284,ACGT
1285,ACGT
1286,ACGT
1287,AGT
1288,ACGT
1289,ACGT
1290,ACGT
1291,ACGT
1292,ACGT
1293,ACGT
1294,ACGT
1295,ACGT
1296,ACGT
1297,ACGT
1299,ACGT
1300,ACGT
1301,ACGT
1302,CGT
1303,ACGT
1304,ACGT
1305,ACGT
1306,ACGT
1307,AG
1308,ACT
1309,ACGT
1310,ACGT
1311,ACT
1312,ACGT
1313,AT
1314,ACGT
1315,ACGT
1316,ACGT
1317,ACT
1318,CGT
1319,ACGT
1320,ACGT
1321,CT
1322,ACGT
1323,ACGT
1324,ACT
1325,ACGT
1326,ACGT
1327,ACGT
1328,ACGT
1329,ACGT
1330,ACGT
1331,ACGT
1332,AGT
1333,ACGT
1334,ACGT
1335,ACGT
1336,ACGT
1337,CGT
1338,ACGT
1339,ACGT
1340,ACGT
1341,ACGT
1342,ACGT
1343,ACGT
1344,ACGT
1345,ACGT
1346,AGT
1347,ACGT
1348,ACGT
1349,ACGT
1350,ACGT
1351,ACGT
1352,ACGT
1353,ACGT
1354,ACGT
1355,ACGT
1356,ACGT
1357,ACGT
1358,ACGT
1359,ACGT
1360,ACGT
1361,ACGT
1362,CG
1363,AG
1364,CGT
1365,ACG
1366,AG
1367,ACT
1368,ACGT
1369,ACGT
1370,ACGT
1371,ACGT
1372,ACGT
1373,ACGT
1374,ACG
1375,ACGT
1376,ACT
1377,ACG
1378,ACGT
1379,ACGT
1380,ACGT
1381,ACG
1382,ACGT
1383,ACGT
1384,ACG
1385,ACGT
1386,ACGT
1387,AG
1388,ACG
1389,ACGT
1390,AGT
1391,ACGT
1392,ACG
1393,ACGT
1394,ACGT
1395,ACGT
1396,ACGT
1397,ACG
1398,ACGT
1399,ACGT
1400,ACGT
1401,ACGT
1402,ACGT
1403,ACGT
1404,CGT
1405,ACGT
1406,ACGT
1407,ACGT
1408,ACGT
1409,ACGT
1410,ACGT
1411,ACGT
1412,ACT
1413,ACGT
1414,ACGT
1415,ACGT
1416,ACGT
1417,ACGT
1418,ACGT
1419,ACGT
1420,ACT
1421,ACGT
1422,ACGT
1423,ACGT
1424,ACGT
1425,ACGT
1426,ACGT
1427,ACGT
1428,ACGT
1429,ACGT
1430,ACG
1431,ACGT
1432,CG
1433,GT
1434,ACGT
1435,AGT
1436,CG
1437,ACGT
1438,CT
1439,ACG
1440,ACGT
1441,ACGT
1442,ACGT
1443,ACGT
1444,ACGT
1445,ACGT
1446,ACGT
1447,ACGT
1448,ACGT
1449,ACGT
1450,ACGT
1451,ACGT
1452,ACGT
1453,ACGT
1454,ACT
1455,ACGT
1456,ACGT
1457,ACGT
1458,ACGT
1459,ACGT
1460,ACGT
1461,ACGT
1462,ACGT
1463,ACGT
1464,ACGT
1465,ACT
1466,CGT
1467,ACGT
1468,ACGT
1469,ACGT
1470,ACGT
1471,ACG
1472,ACGT
1473,ACGT
1474,ACGT
1475,ACGT
1476,ACGT
1477,ACGT
1478,ACGT
1479,AT
1480,AC
1481,ACGT
1482,ACGT
1483,ACGT
1484,CGT
1485,ACGT
1486,ACGT
1487,ACGT
1488,ACGT
1489,ACGT
1490,ACGT
1491,ACGT
1492,ACGT
1493,ACGT
1494,ACGT
1495,ACGT
1496,ACGT
1497,ACGT
1498,ACGT
1499,ACGT
1500,ACGT
1501,ACGT
1502,ACGT
1503,ACGT
1504,ACGT
1505,ACG
1506,AG
1507,ACGT
1508,ACGT
1509,ACGT
1510,AGT
1511,CGT
1512,ACGT
1513,ACGT
1514,CG
1515,AT
1516,AGT
1517,ACT
1518,ACGT
1519,ACGT
1520,ACGT
1521,ACGT
1522,ACGT
1523,ACGT
1524,ACGT
1525,ACGT
1526,ACGT
1527,ACGT
1528,ACGT
1529,AGT
1530,ACGT
1531,ACGT
1532,ACGT
1533,ACGT
1534,ACGT
1535,AT
1536,ACGT
1537,ACGT
1538,ACGT
1539,ACGT
1540,ACGT
1541,ACGT
1542,ACGT
1543,ACGT
1544,ACGT
1545,ACGT
1546,CGT
1547,ACT
1548,ACGT
1549,ACGT
1550,ACGT
1551,ACGT
1552,ACGT
1553,ACGT
1555,ACGT
1556,ACGT
1557,ACGT
1558,ACG
1559,ACGT
1560,ACGT
1562,ACGT
1563,ACT
1564,ACGT
1565,ACGT
1566,ACG
1567,ACG
1568,ACG
1569,ACGT
1570,ACGT
1571,ACGT
1572,CGT
1573,ACGT
1574,ACT
1575,AGT
1576,CGT
1577,CG
1578,ACGT
1579,ACGT
1580,ACGT
1581,ACGT
1582,ACGT
1583,ACG
1584,ACGT
1585,ACGT
1586,ACGT
1587,ACGT
1588,AGT
1589,ACGT
1590,ACGT
1591,ACGT
1592,ACGT
1593,ACT
1594,ACG
1595,AGT
1596,ACGT
1597,AGT
1598,ACG
1599,AC
1600,ACGT
1601,ACGT
1602,ACGT
1603,ACG
1604,ACGT
1605,ACGT
1606,ACT
1607,ACGT
1608,ACGT
1609,ACGT
1610,ACGT
1611,ACGT
1612,ACGT
1613,ACG
1614,ACGT
1615,AG
1616,AC
1617,ACGT
1618,ACGT
1619,ACGT
1620,ACGT
1621,ACGT
1622,AT
1623,AT
1627,ACT
1628,AGT
1629,ACGT
1630,CGT
1631,ACG
1632,CG
1633,ACT
1634,ACG
1635,AGT
1636,ACGT
1637,AC
1638,AG
1639,CGT
1640,AC
1641,ACGT
1642,ACGT
1643,CGT
1644,ACG
1645,CGT
1646,ACGT
1647,ACGT
1648,ACT
1649,ACGT
1650,ACG
1651,ACGT
1652,ACGT
1653,ACT
1654,AGT
1655,CGT
1656,ACGT
1657,ACGT
1658,ACGT
1659,ACGT
1660,ACGT
1661,ACT
1662,ACGT
1663,ACGT
1664,AGT
1665,ACGT
1666,ACGT
1667,ACGT
1668,ACGT
1669,ACGT
1670,ACGT
1671,ACGT
1672,ACGT
1673,ACGT
1674,ACGT
1675,ACGT
1676,ACGT
1677,CT
1678,ACGT
1679,ACGT
1680,AGT
1681,ACGT
1682,ACGT
1683,CGT
1684,ACGT
1685,ACGT
1686,ACGT
1687,ACGT
1688,ACGT
1689,ACGT
1690,ACG
1691,ACGT
1692,ACGT
1693,ACGT
1694,ACT
1695,ACGT
1696,ACGT
1697,ACGT
1698,ACGT
1699,ACGT
1700,ACGT
1701,ACGT
1702,ACGT
1703,ACT
1704,ACGT
1705,ACGT
1706,ACG
1707,ACGT
1708,ACGT
1709,ACGT
1710,ACGT
1711,CGT
1713,CG
1715,ACGT
1716,ACGT
1717,ACGT
1718,ACGT
1719,ACGT
1720,ACG
1721,ACGT
1722,CT
1723,CGT
1724,ACGT
1725,ACGT
1726,ACG
1727,GT
1728,ACG
1729,ACGT
1730,ACGT
1731,ACGT
1732,ACGT
1733,ACT
1734,ACGT
1735,ACGT
1736,ACGT
1737,ACGT
1738,ACGT
1739,ACGT
1740,ACGT
1741,ACGT
1742,ACGT
1743,ACGT
1744,ACGT
1745,AGT
1746,ACGT
1747,ACGT
1748,ACGT
1749,AT
1750,CGT
1751,ACGT
1752,ACGT
1753,ACGT
1754,ACT
1755,ACGT
1756,ACGT
1758,CT
1759,CG
1761,AG
1762,AG
1763,CT
1765,CG
1766,AG
1767,CT
1769,AG
1770,CG
1771,AG
1772,ACGT
1773,CGT
1774,ACG
1775,ACGT
1776,ACGT
1777,ACGT
1778,ACGT
1779,ACG
1780,ACGT
1781,ACGT
1782,ACT
1783,AGT
1784,ACGT
1785,GT
1786,ACGT
1787,ACGT
1788,ACGT
1789,ACG
1790,ACGT
1791,ACGT
1792,ACGT
1793,ACGT
1794,ACGT
1795,ACT
1796,ACG
1797,AGT
1798,ACT
1799,ACGT
1800,CGT
1801,CG
1802,ACGT
1803,ACGT
1804,CGT
1805,ACGT
1806,ACGT
1807,ACG
1808,ACGT
1809,ACT
1810,ACGT
1811,ACGT
1812,ACGT
1813,ACGT
1814,ACT
1815,AGT
1816,ACGT
1817,ACGT
1818,ACGT
1819,ACGT
1820,ACGT
1821,ACGT
1822,ACGT
1823,ACGT
1824,ACT
1825,CGT
1826,ACGT
1827,ACGT
1828,CGT
1829,AGT
1830,CG
1831,ACGT
1832,ACGT
1833,ACGT
1834,ACGT
1835,ACG
1836,ACGT
1837,ACGT
1838,ACGT
1839,ACG
1840,ACGT
1841,CG
1842,ACG
1843,ACGT
1844,ACG
1845,ACGT
1846,ACGT
1847,ACGT
1848,ACGT
1849,CGT
1850,ACGT
1851,ACGT
1852,ACGT
1853,ACGT
1854,ACT
1855,ACG
1856,ACG
1857,ACGT
1858,ACGT
1859,ACGT
1860,ACG
1861,AGT
1862,ACGT
1863,ACGT
1864,ACGT
1865,ACGT
1866,ACT
1867,ACGT
1868,AGT
1869,ACG
1870,ACGT
1871,ACGT
1872,AGT
1873,ACGT
1874,ACGT
1876,ACT
1877,AT
1879,CG
1880,AGT
1881,ACGT
1882,ACGT
1883,ACGT
1884,ACGT
1885,ACG
1886,ACT
1887,ACGT
1888,ACGT
1889,ACGT
1890,ACGT
1891,ACGT
1892,ACGT
1893,ACGT
1894,ACG
1895,ACGT
1896,ACGT
1897,CGT
1898,CGT
1899,ACT
1900,ACGT
1901,ACGT
1902,ACGT
1903,ACGT
1904,ACGT
1905,ACGT
1906,ACGT
1907,ACGT
1908,ACGT
1909,ACGT
1910,ACT
1911,ACG
1912,ACG
1913,ACGT
1914,ACGT
1915,ACGT
1916,ACGT
1917,ACT
1918,ACGT
1919,ACGT
1920,ACGT
1921,ACGT
1922,ACGT
1923,ACGT
1924,ACGT
1925,ACGT
1926,ACGT
1927,ACGT
1928,ACGT
1929,CGT
1930,ACGT
1931,ACGT
1932,ACGT
1933,ACGT
1934,ACGT
1935,CG
1936,CT
1938,AG
1951,ACGT
1952,GT
1953,ACT
1954,ACGT
1955,ACGT
1956,ACG
1957,ACGT
1958,ACGT
1959,ACGT
1960,ACGT
1961,ACGT
1962,ACGT
1963,ACG
1964,ACGT
1965,ACGT
1966,ACGT
1967,AGT
1968,ACGT
1969,ACGT
1970,ACGT
1971,ACGT
1972,ACGT
1973,ACGT
1974,ACG
1975,ACGT
1976,CGT
1977,ACG
1978,ACG
1979,ACGT
1980,ACT
1981,ACGT
1982,CGT
1983,ACGT
1984,ACG
1985,ACGT
1986,AC
1987,ACG
1988,ACG
1989,ACGT
1990,ACGT
1991,ACGT
1992,ACG
1993,AGT
1994,ACGT
1995,ACG
1996,ACT
1997,ACGT
1998,ACGT
1999,ACGT
2000,ACGT
2001,ACGT
2002,ACGT
2003,ACGT
2004,ACGT
2005,ACGT
2006,ACGT
2007,ACG
2008,CGT
2009,CGT
2010,ACG
2011,ACT
2012,ACGT
2013,CGT
2014,ACGT
2015,ACGT
2016,ACGT
2017,ACGT
2018,ACGT
2019,ACG
2020,ACGT
2021,CGT
2022,ACGT
2023,ACGT
2024,AGT
2025,ACGT
2026,ACGT
2027,ACGT
2028,ACGT
2029,ACT
2030,ACGT
2031,ACGT
2032,ACGT
2033,ACGT
2034,ACGT
2035,ACGT
2036,ACG
2037,ACGT
2038,ACGT
2039,ACGT
2040,ACGT
2042,CGT
2043,AG
2044,ACGT
2045,ACGT
2046,ACT
2047,ACGT
2048,ACGT
2049,ACGT
2050,ACGT
2051,ACGT
2052,CGT
2053,CGT
2054,AG
2055,ACGT
2056,ACGT
2057,ACGT
2058,ACGT
2059,ACGT
2060,AGT
2061,ACGT
2062,ACGT
2063,ACGT
2064,ACGT
2065,ACGT
2066,ACG
2067,ACGT
2068,CGT
2069,ACGT
2070,ACGT
2071,ACGT
2072,ACGT
2073,ACGT
2074,ACGT
2075,ACGT
2076,ACGT
2077,ACGT
2078,ACGT
2079,ACGT
2080,ACGT
2081,ACGT
2082,ACGT
2083,ACGT
2084,GT
2085,ACGT
2086,ACGT
2087,ACG
2088,ACGT
2089,ACGT
2090,ACGT
2091,ACGT
2092,ACGT
2093,ACG
2094,AC
2095,AC
2096,AGT
2097,AGT
2098,AT
2099,AT
2100,CGT
2101,ACT
2102,CG
2103,ACGT
2104,AGT
2105,ACGT
2106,ACGT
2107,CGT
2108,CGT
2109,ACGT
2110,ACGT
2111,ACGT
2112,ACGT
2113,CGT
2114,ACGT
2115,ACT
2116,ACGT
2117,ACGT
2118,ACGT
2120,GT
2121,AG
2122,ACT
2123,CT
2124,CT
2125,ACG
2126,ACGT
2127,ACGT
2128,ACGT
2129,ACGT
2130,AG
2131,AGT
2132,ACG
2133,ACGT
2134,CGT
2135,ACGT
2136,ACGT
2137,ACGT
2138,ACGT
2139,AT
2140,ACT
2141,ACGT
2142,ACGT
2143,ACGT
2144,ACGT
2145,AGT
2146,AGT
2147,ACGT
2148,ACGT
2149,ACGT
2150,ACGT
2151,AGT
2152,ACGT
2153,ACGT
2154,ACGT
2155,CGT
2156,ACG
2157,ACGT
2158,ACGT
2159,ACGT
2160,ACGT
2161,ACT
2162,ACGT
2163,ACGT
2164,ACGT
2165,ACGT
2166,ACGT
2167,CGT
2168,ACGT
2169,ACGT
2170,ACGT
2171,ACGT
2172,ACGT
2173,ACGT
2174,ACGT
2175,ACGT
2176,ACGT
2177,ACGT
2178,ACT
2179,ACGT
2180,ACGT
2181,ACGT
2182,ACGT
2183,ACGT
2184,ACGT
2185,ACGT
2186,CGT
2187,CGT
2188,ACGT
2189,ACGT
2190,ACGT
2191,GT
2192,AT
2193,AC
2194,AG
2195,CG
2196,ACGT
2197,ACGT
2198,ACT
2199,ACGT
2200,ACGT
2201,ACGT
2202,ACGT
2203,ACGT
2204,AGT
2205,ACG
2206,ACT
2207,AG
2208,ACGT
2209,ACGT
2210,ACGT
2211,AGT
2212,ACGT
2213,ACGT
2214,ACGT
2215,ACGT
2216,ACGT
2217,ACGT
2218,ACGT
2219,AGT
2220,ACGT
2221,ACT
2222,ACGT
2223,ACGT
2224,ACT
2225,ACGT
2226,ACG
2227,ACGT
2228,ACGT
2229,CGT
2230,ACGT
2231,ACGT
2232,ACG
2233,AT
2234,ACGT
2235,ACGT
2236,ACGT
2237,ACGT
2238,ACGT
2239,ACGT
2240,ACGT
2241,ACGT
2242,ACGT
2243,ACT
2244,ACGT
2245,ACGT
2246,ACGT
2247,ACGT
2248,ACT
2249,ACGT
2250,AGT
2251,AGT
2252,AGT
2253,ACGT
2254,AC
2255,AGT
2256,CGT
2257,ACGT
2258,ACGT
2259,ACGT
2260,ACGT
2261,ACG
2262,ACG
2263,ACGT
2264,ACGT
2265,AGT
2266,AGT
2267,ACGT
2268,ACGT
2269,ACGT
2270,AGT
2271,CGT
2272,CGT
2273,AGT
2274,ACGT
2275,ACGT
2276,AGT
2277,CGT
2278,ACGT
2279,AG
2280,ACGT
2281,AGT
2282,ACGT
2283,ACGT
2284,ACGT
2285,ACGT
2286,ACGT
2287,ACGT
2288,ACT
2289,ACGT
2290,ACG
2291,ACGT
2292,ACGT
2293,ACGT
2294,ACT
2295,AGT
2296,ACGT
2297,ACT
2298,ACGT
2299,ACGT
2300,ACGT
2301,ACGT
2302,CGT
2303,ACGT
2304,ACT
2305,ACGT
2306,ACGT
2307,ACT
2308,ACGT
2309,ACGT
2310,ACT
2311,CGT
2312,ACT
2313,ACT
2314,ACGT
2315,ACGT
2316,ACGT
2317,ACGT
2318,ACGT
2319,ACGT
2320,ACGT
2321,AGT
2322,AGT
2323,ACGT
2324,ACGT
2325,ACGT
2326,ACGT
2327,ACG
2328,ACG
2329,ACGT
2330,ACGT
2331,ACGT
2332,ACGT
2333,ACGT
2334,ACGT
2335,ACG
2336,ACGT
2337,ACGT
2338,ACG
2339,ACGT
2340,ACGT
2341,ACGT
2342,ACGT
2345,AC
2346,AG
2347,AC
2348,AC
2349,AGT
2350,ACGT
2351,ACGT
2352,ACT
2353,AGT
2354,ACGT
2355,ACGT
2356,ACGT
2357,ACGT
2358,ACGT
2359,AGT
2360,ACGT
2361,ACGT
2362,ACGT
2363,ACGT
2364,ACGT
2365,ACGT
2366,ACGT
2367,ACGT
2368,ACGT
2369,ACG
2370,ACGT
2371,ACGT
2372,ACT
2373,ACT
2374,ACGT
2375,ACG
2376,ACT
2377,CGT
2378,ACGT
2379,ACT
2380,ACGT
2381,AGT
2382,ACGT
2383,ACGT
2384,ACGT
2385,ACGT
2386,ACGT
2387,ACG
2388,AGT
2389,ACT
2390,CT
2391,ACGT
2392,ACGT
2393,ACGT
2394,ACGT
2395,ACGT
2396,AGT
2397,AGT
2398,ACGT
2399,ACGT
2400,AGT
2401,ACT
2402,ACGT
2403,ACGT
2404,ACGT
2405,ACGT
2406,ACGT
2407,ACGT
2408,ACG
2409,ACT
2410,ACG
2411,ACGT
2412,ACG
2413,ACGT
2414,AGT
2415,ACGT
2416,ACGT
2417,AGT
2418,ACGT
2419,ACGT
2420,ACGT
2421,CT
2422,AC
2423,CGT
2424,GT
2425,CT
2426,ACT
2427,AT
2428,CGT
2429,GT
2430,ACT
2431,ACT
2432,ACG
2433,AGT
2434,ACG
2435,ACGT
2436,ACGT
2437,ACGT
2438,ACGT
2439,ACGT
2440,ACGT
2441,ACGT
2442,AGT
2443,AGT
2444,AGT
2445,ACGT
2446,ACGT
2447,ACGT
2448,ACGT
2449,CGT
2450,CGT
2451,ACGT
2452,ACGT
2453,ACGT
2454,ACGT
2455,ACGT
2456,ACGT
2457,ACGT
2458,ACGT
2459,ACGT
2460,ACGT
2461,ACGT
2462,ACGT
2463,ACGT
2464,ACGT
2465,ACGT
2466,ACGT
2467,ACGT
2468,ACGT
2469,ACGT
2470,ACGT
2471,ACGT
2472,ACGT
2473,ACT
2474,ACGT
2475,ACT
2476,ACG
2477,ACGT
2478,ACGT
2479,ACGT
2480,ACGT
2481,ACGT
2482,ACGT
2483,ACGT
2484,ACGT
2485,ACGT
2486,ACGT
2487,ACGT
2488,ACG
2489,ACT
2490,ACG
2491,ACGT
2492,ACGT
2493,ACGT
2494,AGT
2495,ACGT
2496,AGT
2497,ACGT
2498,ACGT
2499,ACG
2500,ACGT
2501,AGT
2502,AGT
2503,ACGT
2504,ACGT
2505,ACGT
2506,ACGT
2507,ACGT
2508,CGT
2509,AG
2510,AGT
2511,ACGT
2512,ACGT
2513,AGT
2514,ACT
2515,ACGT
2516,ACGT
2517,ACG
2518,ACGT
2519,ACG
2520,CGT
2521,CG
2522,ACG
2523,AG
2524,GT
2533,GT
2534,CGT
2535,ACT
2536,AGT
2537,CGT
2538,ACGT
2539,ACGT
2540,CGT
2541,ACGT
2542,ACG
2543,ACGT
2544,ACGT
2545,ACGT
2546,ACGT
2547,ACGT
2548,AGT
2549,ACGT
2550,ACGT
2551,ACT
2552,ACGT
2553,ACGT
2554,ACGT
2555,ACGT
2556,ACGT
2557,ACGT
2558,AGT
2561,ACG
2562,ACG
2563,ACGT
2564,AGT
2565,ACGT
2566,ACGT
2567,ACGT
2568,ACG
2569,AGT
2570,ACGT
2571,ACGT
2572,ACGT
2573,ACGT
2574,ACGT
2575,ACGT
2576,CGT
2577,GT
2578,AT
2579,ACT
2581,ACGT
2582,ACT
2583,AGT
2584,AG
2585,ACT
2586,AT
2588,CG
2589,AC
2590,AG
2591,ACT
2592,ACGT
2593,ACGT
2594,ACGT
2595,ACG
2596,ACG
2597,ACT
2598,CGT
2599,CGT
2600,ACGT
2601,ACT
2602,CG
2603,CG
2604,ACGT
2605,ACG
2606,ACG
2607,AGT
2608,CGT
2609,AC
2610,AGT
2611,ACG
2612,ACT
2613,AGT
2614,AGT
2615,AGT
2616,AGT
2617,AC
2618,AGT
2619,CT
2620,AG
2622,CG
2623,ACG
2625,ACT
2626,GT
2627,ACG
2628,ACGT
2629,CGT
2630,CG
2631,ACGT
2633,AT
2634,ACGT
2635,ACGT
2636,ACGT
2637,ACGT
2638,ACG
2639,ACGT
2640,ACGT
2641,AGT
2642,ACG
2643,ACGT
2644,ACT
2645,ACGT
2646,ACGT
2647,ACGT
2648,ACGT
2649,AG
2650,ACG
2651,AGT
2652,ACGT
2653,ACGT
2654,ACGT
2655,CT
2656,AG
2657,ACGT
2658,ACGT
2659,ACGT
2660,AGT
2661,ACGT
2662,ACT
2663,ACGT
2664,ACGT
2665,ACGT
2666,ACGT
2667,ACGT
2668,AGT
2669,ACGT
2670,ACGT
2671,ACGT
2672,ACGT
2673,ACGT
2674,AG
2675,CGT
2676,AC
2677,AC
2678,AT
2679,ACGT
2680,ACGT
2681,ACG
2682,ACGT
2683,ACGT
2684,ACT
2685,ACGT
2686,ACT
2687,ACGT
2688,ACGT
2689,ACG
2690,ACGT
2691,ACGT
2692,ACGT
2693,ACGT
2694,AG
2695,AG
2696,CT
2698,GT
2699,AT
2700,CGT
2701,AGT
2702,ACG
2703,ACGT
2704,GT
2705,ACGT
2706,ACGT
2707,ACG
2708,ACT
2709,ACGT
2710,ACGT
2711,ACGT
2712,ACGT
2713,ACGT
2714,ACGT
2715,ACGT
2716,ACGT
2717,ACGT
2718,ACGT
2719,ACGT
2720,ACGT
2721,CGT
2722,AT
2723,ACT
2724,ACGT
2725,ACT
2726,GT
2727,ACG
2728,ACGT
2729,ACGT
2730,ACGT
2731,CG
2732,ACGT
2733,CGT
2734,ACGT
2735,ACGT
2736,ACGT
2737,ACGT
2738,CGT
2739,ACGT
2740,ACGT
2741,ACGT
2742,ACGT
2743,ACG
2744,ACGT
2745,ACGT
2746,ACG
2747,ACGT
2748,ACGT
2749,ACGT
2750,ACGT
2751,ACGT
2752,ACT
2753,ACGT
2754,CGT
2755,ACGT
2756,ACGT
2757,ACT
2758,ACG
2759,ACGT
2760,ACGT
2761,AG
2762,ACGT
2763,AG
2764,AC
2765,CT
2766,ACGT
2767,ACGT
2768,GT
2769,ACGT
2770,ACG
2771,CGT
2772,GT
2773,CGT
2774,CGT
2775,ACGT
2776,AC
2777,ACGT
2778,ACG
2779,ACGT
2780,ACT
2781,ACG
2782,ACGT
2783,ACGT
2784,ACG
2785,ACGT
2786,ACGT
2787,ACG
2788,ACT
2789,ACGT
2790,ACGT
2791,ACGT
2792,ACG
2793,CGT
2794,CGT
2795,GT
2796,AGT
2797,ACGT
2798,ACGT
2799,ACGT
2800,GT
2805,AGT
2806,ACGT
2807,ACGT
2808,ACGT
2809,ACGT
2810,ACGT
2811,ACT
2812,ACG
2813,ACGT
2814,ACGT
2815,ACGT
2816,ACT
2817,ACGT
2818,ACGT
2819,ACGT
2820,ACGT
2821,ACGT
2822,ACGT
2823,ACGT
2824,ACGT
2825,ACGT
2826,ACGT
2827,ACG
2828,AGT
2829,AGT
2830,ACG
2831,ACGT
2832,ACGT
2833,ACGT
2834,ACGT
2835,ACGT
2836,AT
2837,ACGT
2838,ACG
2839,CG
2840,AC
2841,GT
2843,ACGT
2844,ACGT
2845,ACGT
2846,ACGT
2847,ACGT
2848,ACGT
2849,CG
2850,ACGT
2851,ACGT
2852,AGT
2853,ACGT
2854,GT
2855,CGT
2856,CGT
2857,ACGT
2858,AGT
2859,ACGT
2860,ACGT
2862,CT
2865,CT
2870,ACGT
2871,ACGT
2872,AT
2873,AGT
2874,ACGT
2875,ACG
2883,ACT
2884,AG
2885,ACGT
2889,ACT
2890,ACGT
2891,AGT
2892,ACG
2893,ACGT
2894,AGT
2895,AGT
2896,ACGT
2897,AGT
2898,ACGT
2899,ACG
2900,ACG
2901,CT
2902,ACGT
2903,AGT
2904,ACGT
2908,CT
2910,ACGT
2911,ACGT
2912,ACGT
2913,ACGT
2914,ACGT
2915,ACT
2916,ACT
2917,ACT
2918,ACGT
2919,ACG
2920,ACT
2921,AT
2922,CT
2923,ACGT
2924,ACGT
2925,ACG
2926,ACGT
2927,ACGT
2928,ACGT
2929,ACT
2930,AGT
2931,ACGT
2932,ACGT
2933,AT
2934,ACGT
2935,ACGT
2936,ACGT
2937,AGT
2939,CG
2943,CG
2944,ACG
2945,CG
2946,ACG
2947,AC
2948,AC
2950,AG
2951,ACGT
2952,ACGT
2953,ACT
2954,ACGT
2955,ACG
2956,CT
2957,GT
2958,AC
2959,ACGT
2960,CT
2961,ACGT
2962,ACT
2963,AGT
2964,AGT
2965,ACGT
2966,ACG
2967,AC
2968,AC
2969,ACGT
2970,ACG
2971,CGT
2972,AC
2973,CT
2974,GT
2976,AC
2977,AG
2978,AT
2980,AGT
2981,ACT
2982,CGT
2983,ACG
2984,CG
2985,CT
2986,ACG
2987,AT
2988,AG
2989,AC
2990,CG
